{
  "_default": {
    "1": { "coords": [12, 15], "r": 1000000, "color": "#FF3A3A" },
    "5": { "coords": [-122.00281, 37.30023], "r": 5, "color": "#FF3A3A" },
    "6": { "coords": [-122.00153, 37.30127], "r": 5, "color": "#FF3A3A" },
    "7": { "coords": [-122.00198, 37.30054], "r": 5, "color": "#FF3A3A" }
  }
}
